3691.0,0.7662407159805298,0.23375925421714783,0.0
3683.0,0.9922807812690735,0.00771917263045907,0.0
628.0,0.9944844841957092,0.005515505559742451,0.0
568.0,0.9996432065963745,0.0003567712556105107,0.0
2930.0,0.9908387064933777,0.009161269292235374,0.0
1053.0,0.16179218888282776,0.8382078409194946,0.0
3152.0,0.9780064821243286,0.02199351228773594,0.0
762.0,0.9653554558753967,0.034644536674022675,0.0
2124.0,0.9543837904930115,0.04561615735292435,0.0
689.0,0.9980596899986267,0.001940260292030871,0.0
2131.0,0.9652876257896423,0.03471239283680916,0.0
3339.0,0.9952905178070068,0.004709483124315739,0.0
256.0,0.7192934155464172,0.280706524848938,0.0
1890.0,0.9774414896965027,0.022558579221367836,0.0
1132.0,0.9584442377090454,0.04155578464269638,0.0
2669.0,0.9762763977050781,0.023723622784018517,0.0
1162.0,0.9488174319267273,0.05118253082036972,0.0
3176.0,0.9954962730407715,0.004503742791712284,0.0
2136.0,0.9668503999710083,0.033149611204862595,0.0
1824.0,0.9461889266967773,0.05381115525960922,0.0
3500.0,0.9604568481445312,0.03954317048192024,0.0
1547.0,0.9401718378067017,0.059828128665685654,0.0
764.0,0.836710512638092,0.16328948736190796,0.0
3618.0,0.982006847858429,0.01799316704273224,0.0
3493.0,0.989349365234375,0.010650712996721268,0.0
1165.0,0.9832069873809814,0.01679299958050251,0.0
638.0,0.9876344799995422,0.012365496717393398,0.0
2130.0,0.973760187625885,0.026239778846502304,0.0
2697.0,0.9983137845993042,0.0016862408956512809,0.0
2160.0,0.9922271966934204,0.007772843353450298,0.0
688.0,0.8229842782020569,0.17701572179794312,0.0
630.0,0.9979071617126465,0.0020928282756358385,0.0
575.0,0.9690660834312439,0.030933890491724014,0.0
1493.0,0.9681702852249146,0.031829725950956345,0.0
1142.0,0.9572145342826843,0.04278544709086418,0.0
2121.0,0.8485201597213745,0.1514797806739807,0.0
608.0,0.9914656281471252,0.00853435043245554,0.0
1129.0,0.9733893275260925,0.02661067247390747,0.0
3607.0,0.995866060256958,0.004133903421461582,0.0
720.0,0.9635488390922546,0.03645118698477745,0.0
3624.0,0.9261959791183472,0.07380398362874985,0.0
3601.0,0.9516509175300598,0.048349011689424515,0.0
610.0,0.809853732585907,0.1901462972164154,0.0
620.0,0.9864185452461243,0.013581453822553158,0.0
3505.0,0.9272677302360535,0.0727323442697525,0.0
2953.0,0.723000705242157,0.276999294757843,0.0
1847.0,0.9986011385917664,0.001398898079060018,0.0
2910.0,0.9937745332717896,0.006225500721484423,0.0
690.0,0.9966806769371033,0.0033192362170666456,0.0
1823.0,0.9454675912857056,0.05453246831893921,0.0
3603.0,0.96819669008255,0.03180330619215965,0.0
3343.0,0.812774658203125,0.18722538650035858,0.0
257.0,0.9989099502563477,0.0010900950292125344,0.0
1545.0,0.9742865562438965,0.025713413953781128,0.0
587.0,0.9947351813316345,0.005264735780656338,0.0
647.0,0.9542813301086426,0.0457187220454216,0.0
625.0,0.9379249811172485,0.06207496300339699,0.0
2162.0,0.9715297818183899,0.028470253571867943,0.0
3359.0,0.9630908370018005,0.036909159272909164,0.0
626.0,0.8881602883338928,0.11183978617191315,0.0
3344.0,0.269473671913147,0.7305263876914978,0.0
265.0,0.9596136808395386,0.04038627818226814,0.0
711.0,0.8514972925186157,0.14850276708602905,0.0
3605.0,0.9528798460960388,0.047120120376348495,0.0
262.0,0.9931589961051941,0.006841013673692942,0.0
1828.0,0.8902612924575806,0.10973875969648361,0.0
678.0,0.978434681892395,0.02156534232199192,0.0
3616.0,0.92500239610672,0.07499757409095764,0.0
3366.0,0.9948399662971497,0.0051599773578345776,0.0
3124.0,0.9074981808662415,0.09250179678201675,0.0
685.0,0.9984637498855591,0.0015362765407189727,0.0
698.0,0.9950128197669983,0.004987157881259918,0.0
1548.0,0.993813157081604,0.006186865735799074,0.0
1526.0,0.9906649589538574,0.009335004724562168,0.0
2430.0,0.9949517250061035,0.005048299208283424,0.0
651.0,0.8874646425247192,0.11253537237644196,0.0
3504.0,0.9997790455818176,0.00022098509361967444,0.0
576.0,0.9982419013977051,0.0017580620478838682,0.0
3347.0,0.9822120070457458,0.017788054421544075,0.0
1140.0,0.8606553673744202,0.13934467732906342,0.0
1516.0,0.9963395595550537,0.0036604776978492737,0.0
751.0,0.9727137088775635,0.027286294847726822,0.0
3202.0,0.9983094930648804,0.001690555363893509,0.0
3335.0,0.9957879185676575,0.004212058149278164,0.0
1864.0,0.9634565711021423,0.036543428897857666,0.0
732.0,0.9916856288909912,0.008314450271427631,0.0
2447.0,0.967159628868103,0.03284039720892906,0.0
3361.0,0.9946843981742859,0.005315602291375399,0.0
1558.0,0.9994823932647705,0.0005176214617677033,0.0
1563.0,0.9670029878616333,0.0329970121383667,0.0
3688.0,0.9998340606689453,0.00016592610336374491,0.0
2144.0,0.9560643434524536,0.04393560066819191,0.0
1834.0,0.8763203620910645,0.12367969006299973,0.0
237.0,0.9550817608833313,0.04491826519370079,0.0
3356.0,0.9894992113113403,0.010500863194465637,0.0
1556.0,0.9933857321739197,0.006614258047193289,0.0
765.0,0.9325266480445862,0.06747332215309143,0.0
721.0,0.9513285756111145,0.04867145046591759,0.0
246.0,0.98117995262146,0.01882002130150795,0.0
734.0,0.888005793094635,0.11199423670768738,0.0
1184.0,0.9995065927505493,0.0004933476448059082,0.0
3348.0,0.9344843626022339,0.06551562249660492,0.0
1112.0,0.6211446523666382,0.3788553476333618,0.0
559.0,0.9773255586624146,0.022674407809972763,0.0
703.0,0.9971108436584473,0.002889185445383191,0.0
1106.0,0.9393787384033203,0.06062120944261551,0.0
1831.0,0.955707311630249,0.044292718172073364,0.0
248.0,0.8641172051429749,0.13588273525238037,0.0
1509.0,0.993893027305603,0.006107025314122438,0.0
657.0,0.9379571080207825,0.06204293668270111,0.0
3334.0,0.9226620197296143,0.07733790576457977,0.0
2103.0,0.9969168901443481,0.003083124989643693,0.0
1479.0,0.990646243095398,0.009353742003440857,0.0
1159.0,0.8561872839927673,0.14381273090839386,0.0
600.0,0.995590329170227,0.004409747198224068,0.0
1872.0,0.9915949702262878,0.008404985070228577,0.0
3485.0,0.9655170440673828,0.034482937306165695,0.0
3136.0,0.9521602392196655,0.04783978685736656,0.0
694.0,0.9739174246788025,0.02608255110681057,0.0
717.0,0.9950206279754639,0.004979348741471767,0.0
1113.0,0.9989355206489563,0.0010645042639225721,0.0
2708.0,0.9717763066291809,0.028223775327205658,0.0
1194.0,0.9947242140769958,0.005275745410472155,0.0
1147.0,0.7802431583404541,0.21975688636302948,0.0
691.0,0.9985402822494507,0.0014597547706216574,0.0
1153.0,0.9857164025306702,0.014283639378845692,0.0
1172.0,0.9474894404411316,0.052510544657707214,0.0
667.0,0.9960243701934814,0.003975627478212118,0.0
1854.0,0.9388331770896912,0.06116673722863197,0.0
247.0,0.9933425784111023,0.006657471880316734,0.0
3617.0,0.9366433620452881,0.06335662305355072,0.0
2116.0,0.9457395672798157,0.054260384291410446,0.0
218.0,0.9808312058448792,0.01916881650686264,0.0
3621.0,0.9540579319000244,0.045941997319459915,0.0
3341.0,0.9839394092559814,0.016060592606663704,0.0
3349.0,0.9961060881614685,0.003893912537023425,0.0
2689.0,0.9987279772758484,0.0012719755759462714,0.0
644.0,0.8767274618148804,0.12327259033918381,0.0
2359.0,0.9816848635673523,0.018315095454454422,0.0
1887.0,0.9971405267715454,0.0028595291078090668,0.0
1827.0,0.9525483250617981,0.047451697289943695,0.0
3128.0,0.9608880877494812,0.03911184147000313,0.0
2145.0,0.041605394333601,0.9583946466445923,0.0
2957.0,0.9936357736587524,0.006364200729876757,0.0
1850.0,0.9966228008270264,0.0033772543538361788,0.0
3372.0,0.9609076976776123,0.03909231722354889,0.0
3156.0,0.9775172472000122,0.02248280867934227,0.0
1079.0,0.9576000571250916,0.04240000993013382,0.0
1535.0,0.9965360164642334,0.003463959787040949,0.0
3629.0,0.96131831407547,0.03868170455098152,0.0
2117.0,0.9557972550392151,0.04420280456542969,0.0
3509.0,0.9921848177909851,0.007815171964466572,0.0
2946.0,0.9092808961868286,0.09071910381317139,0.0
629.0,0.9983106851577759,0.0016893292777240276,0.0
692.0,0.9999125003814697,8.745711238589138e-05,0.0
672.0,0.9744684100151062,0.025531606748700142,0.0
2444.0,0.9972477555274963,0.002752164611592889,0.0
681.0,0.9583013653755188,0.041698627173900604,0.0
2915.0,0.9575439691543579,0.0424560122191906,0.0
2098.0,0.9672466516494751,0.0327533595263958,0.0
3599.0,0.9780855178833008,0.021914536133408546,0.0
235.0,0.9601549506187439,0.03984503075480461,0.0
669.0,0.9579832553863525,0.04201677069067955,0.0
2125.0,0.991649866104126,0.008350178599357605,0.0
2977.0,0.9969809651374817,0.003019070252776146,0.0
1539.0,0.9975447058677673,0.002455269219353795,0.0
2109.0,0.9869371056556702,0.013062870129942894,0.0
1121.0,0.9859397411346436,0.014060255140066147,0.0
3188.0,0.9800111055374146,0.019988855347037315,0.0
582.0,0.9267593026161194,0.0732407197356224,0.0
3606.0,0.917956531047821,0.08204343914985657,0.0
1057.0,0.9877200722694397,0.012279871851205826,0.0
3133.0,0.9798452258110046,0.020154718309640884,0.0
239.0,0.9866004586219788,0.01339955534785986,0.0
3513.0,0.995908260345459,0.0040916879661381245,0.0
662.0,0.6918590068817139,0.30814096331596375,0.0
1067.0,0.9340901970863342,0.06590981781482697,0.0
1078.0,0.9873139262199402,0.012686044909060001,0.0
3169.0,0.9959962368011475,0.004003775306046009,0.0
585.0,0.9876633286476135,0.01233670487999916,0.0
2691.0,0.963787853717804,0.036212194710969925,0.0
3495.0,0.9691829681396484,0.03081708773970604,0.0
706.0,0.9803884029388428,0.01961158588528633,0.0
664.0,0.9740304946899414,0.02596948854625225,0.0
1870.0,0.9785868525505066,0.021413197740912437,0.0
3510.0,0.8959566950798035,0.10404323786497116,0.0
652.0,0.9460207223892212,0.05397927016019821,0.0
1090.0,0.9988032579421997,0.001196772907860577,0.0
754.0,0.938268780708313,0.06173121929168701,0.0
1852.0,0.9969397783279419,0.0030602088663727045,0.0
2094.0,0.9207102060317993,0.07928983122110367,0.0
1537.0,0.883488655090332,0.11651130765676498,0.0
2119.0,0.9482961893081665,0.051703814417123795,0.0
3368.0,0.9757465124130249,0.024253448471426964,0.0
715.0,0.9941791296005249,0.005820897873491049,0.0
729.0,0.9861212372779846,0.013878701254725456,0.0
3622.0,0.995593249797821,0.004406689200550318,0.0
659.0,0.9927248954772949,0.007275061681866646,0.0
3170.0,0.9090700149536133,0.09092997759580612,0.0
3161.0,0.9478564262390137,0.05214359983801842,0.0
3677.0,0.9347835183143616,0.06521645188331604,0.0
2142.0,0.9969401359558105,0.0030599019955843687,0.0
2970.0,0.9738422632217407,0.026157788932323456,0.0
3140.0,0.9494779109954834,0.050522107630968094,0.0
2692.0,0.9800430536270142,0.019956905394792557,0.0
2643.0,0.9866726398468018,0.01332732941955328,0.0
1101.0,0.9489380121231079,0.0510619580745697,0.0
1817.0,0.9998443126678467,0.00015566601359751076,0.0
3364.0,0.977777898311615,0.022222116589546204,0.0
2129.0,0.9902185797691345,0.00978146493434906,0.0
2703.0,0.9895374774932861,0.010462477803230286,0.0
1120.0,0.9998478889465332,0.00015205824456643313,0.0
3511.0,0.5705714225769043,0.4294285774230957,0.0
640.0,0.9904065728187561,0.009593445807695389,0.0
1494.0,0.9956955909729004,0.004304363392293453,0.0
3375.0,0.9972832202911377,0.0027167859952896833,0.0
3370.0,0.9305301308631897,0.06946993619203568,0.0
2948.0,0.9566199779510498,0.04338006302714348,0.0
3512.0,0.995840311050415,0.004159719217568636,0.0
739.0,0.9353381991386414,0.06466177850961685,0.0
1110.0,0.9924252033233643,0.007574825081974268,0.0
1860.0,0.9985571503639221,0.0014428349677473307,0.0
3610.0,0.9621794819831848,0.03782050684094429,0.0
3508.0,0.9465925693511963,0.05340741574764252,0.0
646.0,0.9794957041740417,0.02050424925982952,0.0
3608.0,0.995022177696228,0.004977784585207701,0.0
675.0,0.9180038571357727,0.08199618011713028,0.0
3130.0,0.9000012278556824,0.09999874979257584,0.0
2924.0,0.4790252447128296,0.5209748148918152,0.0
1056.0,0.9918842315673828,0.00811573676764965,0.0
1171.0,0.9946046471595764,0.00539539847522974,0.0
3367.0,0.997896671295166,0.0021033601369708776,0.0
3166.0,0.9753713607788086,0.024628648534417152,0.0
1065.0,0.982624888420105,0.017375051975250244,0.0
2965.0,0.9971137046813965,0.0028863074257969856,0.0
1076.0,0.9965750575065613,0.0034249345771968365,0.0
583.0,0.9232763051986694,0.07672366499900818,0.0
1878.0,0.9957126379013062,0.004287412390112877,0.0
590.0,0.9881976246833801,0.011802325956523418,0.0
1495.0,0.9448384046554565,0.055161599069833755,0.0
648.0,0.9812642335891724,0.018735820427536964,0.0
1552.0,0.9845763444900513,0.015423720702528954,0.0
1505.0,0.9506535530090332,0.049346402287483215,0.0
1077.0,0.9998660087585449,0.0001339406007900834,0.0
3625.0,0.9985357522964478,0.0014641921734437346,0.0
704.0,0.6813147068023682,0.3186853528022766,0.0
3171.0,0.8979252576828003,0.10207479447126389,0.0
2133.0,0.9817288517951965,0.01827108860015869,0.0
1517.0,0.9908391833305359,0.00916085485368967,0.0
1168.0,0.9410930275917053,0.05890693515539169,0.0
2918.0,0.9945685863494873,0.005431402940303087,0.0
3144.0,0.9557952880859375,0.04420468211174011,0.0
3494.0,0.9558379650115967,0.04416197910904884,0.0
1061.0,0.993606448173523,0.006393553223460913,0.0
724.0,0.9984616041183472,0.001538442331366241,0.0
2368.0,0.9967271089553833,0.003272879868745804,0.0
1525.0,0.9960014224052429,0.003998579923063517,0.0
637.0,0.9771266579627991,0.022873297333717346,0.0
597.0,0.9373273253440857,0.06267266720533371,0.0
1553.0,0.640903651714325,0.35909631848335266,0.0
2427.0,0.9777830243110657,0.02221701107919216,0.0
1821.0,0.9971179962158203,0.0028820207808166742,0.0
728.0,0.9934585690498352,0.006541449110955,0.0
3135.0,0.9688372015953064,0.031162798404693604,0.0
2927.0,0.8651523590087891,0.13484767079353333,0.0
2653.0,0.9917142987251282,0.00828566774725914,0.0
2432.0,0.9738461971282959,0.0261538028717041,0.0
593.0,0.9961466789245605,0.0038532910402864218,0.0
3158.0,0.9065452814102173,0.09345468133687973,0.0
3178.0,0.9145578145980835,0.08544217050075531,0.0
2433.0,0.9281808733940125,0.07181912660598755,0.0
725.0,0.9717042446136475,0.028295740485191345,0.0
3365.0,0.9885777235031128,0.011422235518693924,0.0
270.0,0.9977049231529236,0.002295117126777768,0.0
3491.0,0.9848937392234802,0.015106289647519588,0.0
3613.0,0.972586452960968,0.02741348370909691,0.0
607.0,0.9840599298477173,0.015940120443701744,0.0
1146.0,0.9914604425430298,0.008539590053260326,0.0
1561.0,0.9993046522140503,0.0006953815463930368,0.0
1869.0,0.9928684830665588,0.007131493184715509,0.0
2153.0,0.9535485506057739,0.046451397240161896,0.0
3201.0,0.9396255612373352,0.0603744201362133,0.0
3350.0,0.8985360860824585,0.10146395862102509,0.0
2082.0,0.9935652613639832,0.0064346748404204845,0.0
687.0,0.9448379874229431,0.055162034928798676,0.0
738.0,0.5833406448364258,0.4166593849658966,0.0
699.0,0.9909422993659973,0.009057672694325447,0.0
2336.0,0.027631226927042007,0.9723687767982483,1.0
674.0,0.007791746407747269,0.9922083020210266,1.0
1577.0,0.035262059420347214,0.9647379517555237,1.0
438.0,0.04450099542737007,0.9554990530014038,1.0
2882.0,0.10004446655511856,0.8999555706977844,1.0
2888.0,0.012235615402460098,0.9877644181251526,1.0
555.0,0.072750523686409,0.9272494912147522,1.0
3490.0,0.9355602860450745,0.06443964689970016,1.0
206.0,0.01808103546500206,0.9819189310073853,1.0
2048.0,0.02865632250905037,0.9713437557220459,1.0
2089.0,0.9403539299964905,0.05964602902531624,1.0
2937.0,0.5288504362106323,0.47114959359169006,1.0
459.0,0.514012336730957,0.48598766326904297,1.0
3378.0,0.059041593223810196,0.9409583806991577,1.0
1810.0,0.08083418756723404,0.919165849685669,1.0
1741.0,0.023013954982161522,0.9769859910011292,1.0
3187.0,0.01208226103335619,0.9879177212715149,1.0
1809.0,0.05868026241660118,0.9413197040557861,1.0
1822.0,0.01659141108393669,0.9834085702896118,1.0
3111.0,0.019611377269029617,0.9803886413574219,1.0
2642.0,0.7449806928634644,0.25501924753189087,1.0
3308.0,0.04099301993846893,0.9590070247650146,1.0
1504.0,0.4178100526332855,0.5821899771690369,1.0
2178.0,0.020206119865179062,0.9797938466072083,1.0
1163.0,0.04667247086763382,0.953327476978302,1.0
2712.0,0.10327325761318207,0.8967267274856567,1.0
210.0,0.01283267978578806,0.9871672987937927,1.0
1212.0,0.12660051882266998,0.8733994960784912,1.0
3320.0,0.2994280457496643,0.7005719542503357,1.0
2331.0,0.2607042193412781,0.7392957806587219,1.0
2906.0,0.39164045453071594,0.6083595752716064,1.0
209.0,0.6334637999534607,0.36653611063957214,1.0
2096.0,0.07059118896722794,0.929408848285675,1.0
429.0,0.1688683032989502,0.8311316967010498,1.0
3066.0,0.019014710560441017,0.9809852838516235,1.0
2452.0,0.04440208524465561,0.9555978775024414,1.0
2099.0,0.02279707044363022,0.9772029519081116,1.0
3164.0,0.039389919489622116,0.960610032081604,1.0
2352.0,0.3694832921028137,0.6305166482925415,1.0
3480.0,0.05160844326019287,0.9483916163444519,1.0
2388.0,0.07154158502817154,0.9284584522247314,1.0
2923.0,0.028665849938988686,0.9713341593742371,1.0
2031.0,0.824840247631073,0.1751597821712494,1.0
457.0,0.04642409831285477,0.9535759091377258,1.0
3376.0,0.018637996166944504,0.9813620448112488,1.0
3460.0,0.025588488206267357,0.9744114875793457,1.0
2400.0,0.04464471712708473,0.9553552865982056,1.0
3186.0,0.087070994079113,0.9129289984703064,1.0
2112.0,0.02092035487294197,0.9790797233581543,1.0
2170.0,0.11068082600831985,0.8893191814422607,1.0
1774.0,0.02206900529563427,0.977931022644043,1.0
2954.0,0.12450025230646133,0.8754997849464417,1.0
3698.0,0.6722458600997925,0.32775411009788513,1.0
223.0,0.11119715869426727,0.8888028264045715,1.0
2806.0,0.016626667231321335,0.9833732843399048,1.0
2042.0,0.06211339682340622,0.9378865957260132,1.0
2163.0,0.06003816798329353,0.939961850643158,1.0
2635.0,0.022887885570526123,0.9771121144294739,1.0
2092.0,0.050199925899505615,0.9498001337051392,1.0
645.0,0.03939785808324814,0.9606021642684937,1.0
3384.0,0.018297746777534485,0.9817022085189819,1.0
2898.0,0.18423359096050262,0.815766453742981,1.0
2941.0,0.014854504726827145,0.9851454496383667,1.0
2090.0,0.9706292748451233,0.029370784759521484,1.0
3146.0,0.04761168360710144,0.952388346195221,1.0
1506.0,0.706783652305603,0.293216347694397,1.0
2976.0,0.08360406011343002,0.9163959622383118,1.0
3363.0,0.11804084479808807,0.8819591403007507,1.0
540.0,0.03130388632416725,0.968696117401123,1.0
2935.0,0.6182344555854797,0.38176557421684265,1.0
3596.0,0.18076956272125244,0.8192303776741028,1.0
474.0,0.01215135958045721,0.9878486394882202,1.0
3012.0,0.022459616884589195,0.9775403141975403,1.0
2122.0,0.14725252985954285,0.8527474403381348,1.0
2625.0,0.2150610089302063,0.7849390506744385,1.0
2870.0,0.9370306730270386,0.06296928226947784,1.0
3474.0,0.017553333193063736,0.9824466705322266,1.0
492.0,0.027822185307741165,0.9721778035163879,1.0
2327.0,0.10486891865730286,0.8951310515403748,1.0
2628.0,0.03259338065981865,0.9674065709114075,1.0
454.0,0.025127803906798363,0.9748722314834595,1.0
3304.0,0.06915843486785889,0.9308415055274963,1.0
2088.0,0.11822105199098587,0.88177889585495,1.0
534.0,0.26608067750930786,0.7339193224906921,1.0
2391.0,0.05019962415099144,0.9498003125190735,1.0
1114.0,0.02840547263622284,0.971594512462616,1.0
3101.0,0.047469060868024826,0.9525308609008789,1.0
2362.0,0.07385570555925369,0.9261443614959717,1.0
1812.0,0.47070297598838806,0.5292970538139343,1.0
2972.0,0.034556519240140915,0.96544349193573,1.0
2437.0,0.3686613440513611,0.6313386559486389,1.0
3420.0,0.11474838852882385,0.8852516412734985,1.0
2066.0,0.024867789819836617,0.9751322269439697,1.0
1813.0,0.04840593412518501,0.9515940546989441,1.0
2986.0,0.12286698073148727,0.8771330118179321,1.0
2983.0,0.030940638855099678,0.9690593481063843,1.0
2392.0,0.2918698489665985,0.7081301212310791,1.0
527.0,0.9048050045967102,0.09519501030445099,1.0
1771.0,0.855095624923706,0.14490436017513275,1.0
2405.0,0.006284465081989765,0.9937155842781067,1.0
2896.0,0.03893231600522995,0.9610676765441895,1.0
2909.0,0.08611007034778595,0.9138898849487305,1.0
471.0,0.08349466323852539,0.9165052771568298,1.0
3057.0,0.06252340972423553,0.9374765753746033,1.0
2947.0,0.19131556153297424,0.8086844086647034,1.0
3106.0,0.061216771602630615,0.9387831687927246,1.0
2644.0,0.017397861927747726,0.9826021194458008,1.0
2367.0,0.23874448239803314,0.7612555027008057,1.0
2990.0,0.0337548553943634,0.966245174407959,1.0
3477.0,0.48637667298316956,0.5136232972145081,1.0
2101.0,0.6593453288078308,0.3406547009944916,1.0
2666.0,0.009884866885840893,0.9901151657104492,1.0
2978.0,0.254801869392395,0.745198130607605,1.0
2851.0,0.23490917682647705,0.765090823173523,1.0
2964.0,0.10399922728538513,0.8960007429122925,1.0
3465.0,0.015018774196505547,0.9849811792373657,1.0
1459.0,0.21015509963035583,0.7898449301719666,1.0
3592.0,0.22066807746887207,0.7793319225311279,1.0
3167.0,0.032292675226926804,0.9677073359489441,1.0
2361.0,0.013708522543311119,0.9862914681434631,1.0
3481.0,0.015013675205409527,0.9849862456321716,1.0
2979.0,0.015020702034235,0.9849793314933777,1.0
2681.0,0.9223865866661072,0.07761339098215103,1.0
1816.0,0.08980998396873474,0.9101900458335876,1.0
3088.0,0.18593484163284302,0.8140652179718018,1.0
3488.0,0.0691826269030571,0.9308173656463623,1.0
3120.0,0.7625369429588318,0.23746304214000702,1.0
2086.0,0.024174027144908905,0.9758259654045105,1.0
2598.0,0.029889147728681564,0.9701108932495117,1.0
1438.0,0.013949431478977203,0.986050546169281,1.0
2324.0,0.033329565078020096,0.9666705131530762,1.0
3091.0,0.043372344225645065,0.9566276669502258,1.0
2072.0,0.07554231584072113,0.9244576096534729,1.0
3184.0,0.02021646313369274,0.9797835350036621,1.0
1346.0,0.03251660242676735,0.9674833416938782,1.0
3197.0,0.04102516546845436,0.9589747786521912,1.0
3183.0,0.029367024078965187,0.9706329703330994,1.0
2900.0,0.25725746154785156,0.7427424788475037,1.0
3048.0,0.030412524938583374,0.9695874452590942,1.0
3519.0,0.040687594562768936,0.9593124389648438,1.0
595.0,0.9954996705055237,0.004500275943428278,1.0
3374.0,0.0665774792432785,0.9334224462509155,1.0
2084.0,0.07555077970027924,0.9244492650032043,1.0
3172.0,0.06453008949756622,0.9354698657989502,1.0
2883.0,0.16765782237052917,0.8323422074317932,1.0
1098.0,0.011956969276070595,0.9880430698394775,1.0
3457.0,0.04582270234823227,0.9541773200035095,1.0
230.0,0.0672587901353836,0.9327412247657776,1.0
3190.0,0.11864747852087021,0.8813525438308716,1.0
3095.0,0.03288205713033676,0.967117965221405,1.0
2143.0,0.04661361873149872,0.9533863067626953,1.0
2659.0,0.030402053147554398,0.9695979952812195,1.0
3635.0,0.011794070713222027,0.9882059097290039,1.0
2929.0,0.06005951017141342,0.9399405121803284,1.0
215.0,0.1439092457294464,0.8560907244682312,1.0
3182.0,0.027063488960266113,0.9729365110397339,1.0
3456.0,0.1285918802022934,0.8714080452919006,1.0
3380.0,0.05005861073732376,0.9499414563179016,1.0
1038.0,0.03584560006856918,0.9641544222831726,1.0
1725.0,0.1333654671907425,0.8666345477104187,1.0
3205.0,0.27981433272361755,0.7201856374740601,1.0
2919.0,0.04729512333869934,0.9527048468589783,1.0
3192.0,0.041965946555137634,0.9580339789390564,1.0
1413.0,0.055992625653743744,0.9440073370933533,1.0
2176.0,0.044893983751535416,0.9551059603691101,1.0
191.0,0.03955930098891258,0.9604406952857971,1.0
523.0,0.030376633629202843,0.969623327255249,1.0
1766.0,0.06451456248760223,0.9354854226112366,1.0
2992.0,0.10521994531154633,0.8947800993919373,1.0
3089.0,0.10923734307289124,0.8907626867294312,1.0
1575.0,0.061408355832099915,0.9385915994644165,1.0
2853.0,0.03203606978058815,0.9679639339447021,1.0
2599.0,0.30489376187324524,0.6951062083244324,1.0
3185.0,0.3304715156555176,0.6695284843444824,1.0
1080.0,0.027389703318476677,0.9726102948188782,1.0
2623.0,0.44526028633117676,0.5547396540641785,1.0
1874.0,0.13342827558517456,0.8665716648101807,1.0
1058.0,0.024368885904550552,0.9756311178207397,1.0
1778.0,0.9277294874191284,0.07227049022912979,1.0
531.0,0.33899953961372375,0.6610004305839539,1.0
2961.0,0.15738774836063385,0.8426122665405273,1.0
250.0,0.04305941238999367,0.9569405913352966,1.0
2157.0,0.07140231877565384,0.9285976886749268,1.0
2920.0,0.49278512597084045,0.5072148442268372,1.0
3216.0,0.38899749517440796,0.6110024452209473,1.0
3517.0,0.11791544407606125,0.8820845484733582,1.0
3482.0,0.03604700788855553,0.9639529585838318,1.0
1470.0,0.042863041162490845,0.9571369886398315,1.0
2955.0,0.08186419308185577,0.9181357622146606,1.0
2118.0,0.01501615159213543,0.9849838614463806,1.0
3050.0,0.0457497239112854,0.9542502760887146,1.0
2903.0,0.03187515586614609,0.9681248068809509,1.0
2934.0,0.07655422389507294,0.9234457612037659,1.0
205.0,0.10832639038562775,0.8916736245155334,1.0
617.0,0.04668769985437393,0.953312337398529,1.0
550.0,0.05447794497013092,0.9455220103263855,1.0
2627.0,0.03201664239168167,0.9679834246635437,1.0
1491.0,0.018845343962311745,0.9811546206474304,1.0
2995.0,0.03209124878048897,0.9679087996482849,1.0
3337.0,0.03652925789356232,0.9634706974029541,1.0
1777.0,0.031391505151987076,0.9686084985733032,1.0
2140.0,0.4241080582141876,0.5758919715881348,1.0
1143.0,0.02242789976298809,0.9775721430778503,1.0
1026.0,0.03364679589867592,0.9663532376289368,1.0
2158.0,0.01047333050519228,0.989526629447937,1.0
2612.0,0.12349632382392883,0.8765036463737488,1.0
2938.0,0.0337451808154583,0.9662548303604126,1.0
3507.0,0.01622595079243183,0.9837740659713745,1.0
2355.0,0.09472912549972534,0.9052708148956299,1.0
2369.0,0.03198271617293358,0.9680172204971313,1.0
2971.0,0.0403045155107975,0.9596954584121704,1.0
643.0,0.06791606545448303,0.9320839047431946,1.0
3326.0,0.662581741809845,0.3374183177947998,1.0
2104.0,0.016972733661532402,0.9830272793769836,1.0
2966.0,0.07026022672653198,0.929739773273468,1.0
1425.0,0.009999796748161316,0.9900001883506775,1.0
3657.0,0.09866289794445038,0.9013370871543884,1.0
2123.0,0.03442752733826637,0.9655724763870239,1.0
3104.0,0.07216016948223114,0.9278398156166077,1.0
2407.0,0.02766622044146061,0.9723337292671204,1.0
677.0,0.10571408271789551,0.8942859768867493,1.0
225.0,0.031004585325717926,0.9689954519271851,1.0
2821.0,0.15681105852127075,0.843189001083374,1.0
2580.0,0.044075388461351395,0.9559245705604553,1.0
2138.0,0.5287143588066101,0.4712856709957123,1.0
2988.0,0.11159615218639374,0.8884038925170898,1.0
2716.0,0.15247832238674164,0.8475217223167419,1.0
494.0,0.014399711973965168,0.9856003522872925,1.0
1420.0,0.02568643167614937,0.9743135571479797,1.0
1050.0,0.018885252997279167,0.9811148047447205,1.0
193.0,0.02338228188455105,0.976617693901062,1.0
2701.0,0.18109622597694397,0.8189038038253784,1.0
3203.0,0.013618696480989456,0.9863813519477844,1.0
3675.0,0.028097515925765038,0.9719024896621704,1.0
1317.0,0.052745115011930466,0.9472548961639404,1.0
2962.0,0.04507720097899437,0.9549227952957153,1.0
2884.0,0.017724979668855667,0.9822750091552734,1.0
1148.0,0.018030831590294838,0.9819691777229309,1.0
602.0,0.6674965023994446,0.3325034976005554,1.0
207.0,0.05365061014890671,0.9463494420051575,1.0
2076.0,0.3822195529937744,0.6177804470062256,1.0
1340.0,0.5459783673286438,0.4540216326713562,1.0
3369.0,0.04042821004986763,0.9595717787742615,1.0
2164.0,0.03764600306749344,0.9623540043830872,1.0
2077.0,0.033166877925395966,0.9668331742286682,1.0
3090.0,0.07388503104448318,0.9261149764060974,1.0
2987.0,0.010135003365576267,0.9898650050163269,1.0
2585.0,0.025084832683205605,0.9749152064323425,1.0
696.0,0.03888804465532303,0.9611119031906128,1.0
3159.0,0.012341330759227276,0.987658679485321,1.0
1123.0,0.01798802800476551,0.9820119142532349,1.0
1000.0,0.054372675716876984,0.9456273317337036,1.0
1794.0,0.7985837459564209,0.2014162242412567,1.0
3462.0,0.09071896970272064,0.9092810750007629,1.0
2320.0,0.01252501830458641,0.9874749779701233,1.0
2127.0,0.08008444309234619,0.9199155569076538,1.0
477.0,0.018128005787730217,0.981872022151947,1.0
231.0,0.00895319040864706,0.9910468459129333,1.0
126.0,0.0916713997721672,0.9083285927772522,1.0
3556.0,0.03160307556390762,0.9683969616889954,1.0
2329.0,0.028743715956807137,0.9712562561035156,1.0
3373.0,0.02485312521457672,0.9751468300819397,1.0
2078.0,0.04563279077410698,0.9543672204017639,1.0
2936.0,0.031105363741517067,0.9688946008682251,1.0
2660.0,0.015142585150897503,0.984857439994812,1.0
2667.0,0.03957798331975937,0.9604219794273376,1.0
3208.0,0.32955020666122437,0.6704498529434204,1.0
180.0,0.05561981350183487,0.9443801641464233,1.0
221.0,0.5791581869125366,0.42084184288978577,1.0
3214.0,0.6695176959037781,0.3304823338985443,1.0
2949.0,0.02393149584531784,0.9760684967041016,1.0
2403.0,0.44801583886146545,0.5519841313362122,1.0
2629.0,0.013212187215685844,0.9867877960205078,1.0
2399.0,0.016028637066483498,0.9839714169502258,1.0
1586.0,0.02628832682967186,0.9737116694450378,1.0
2991.0,0.008469287306070328,0.9915307760238647,1.0
673.0,0.030265823006629944,0.9697341918945312,1.0
1564.0,0.08606578409671783,0.9139341711997986,1.0
636.0,0.028526080772280693,0.9714738726615906,1.0
2315.0,0.07270405441522598,0.9272959232330322,1.0
190.0,0.09090597927570343,0.9090940356254578,1.0
3654.0,0.0562594048678875,0.9437406063079834,1.0
3328.0,0.11487415432929993,0.8851258158683777,1.0
1859.0,0.16654275357723236,0.8334572315216064,1.0
2314.0,0.27677249908447266,0.7232275009155273,1.0
2346.0,0.2072468250989914,0.7927531599998474,1.0
3591.0,0.35436829924583435,0.6456316709518433,1.0
3520.0,0.13042381405830383,0.8695761561393738,1.0
2171.0,0.2247084081172943,0.7752916216850281,1.0
1845.0,0.047690507024526596,0.9523095488548279,1.0
709.0,0.017989223822951317,0.9820107817649841,1.0
2940.0,0.10117264091968536,0.898827314376831,1.0
515.0,0.012550543993711472,0.9874494075775146,1.0
2631.0,0.04903697595000267,0.9509629607200623,1.0
1998.0,0.05270076543092728,0.9472993016242981,1.0
503.0,0.012255282141268253,0.9877447485923767,1.0
535.0,0.03530983254313469,0.9646901488304138,1.0
2335.0,0.06580726057291031,0.9341927170753479,1.0
2959.0,0.04034624993801117,0.9596537351608276,1.0
3329.0,0.05244580656290054,0.9475541710853577,1.0
164.0,0.06463200598955154,0.9353679418563843,1.0
2422.0,0.059552859514951706,0.9404471516609192,1.0
2871.0,0.04075915738940239,0.9592407941818237,1.0
2816.0,0.05883724242448807,0.9411627650260925,1.0
3611.0,0.012674182653427124,0.9873257875442505,1.0
3694.0,0.017939677461981773,0.9820603132247925,1.0
2932.0,0.0859641432762146,0.9140358567237854,1.0
3210.0,0.03490026667714119,0.9650996923446655,1.0
1124.0,0.05856837332248688,0.9414316415786743,1.0
574.0,0.00999888963997364,0.9900010824203491,1.0
2720.0,0.03700648620724678,0.9629935622215271,1.0
2698.0,0.024502234533429146,0.9754977822303772,1.0
3486.0,0.7571195960044861,0.2428804486989975,1.0
1811.0,0.11508125066757202,0.8849186897277832,1.0
1206.0,0.8453176617622375,0.15468229353427887,1.0
2950.0,0.06004500389099121,0.9399550557136536,1.0
1453.0,0.13074827194213867,0.8692517280578613,1.0
3109.0,0.035013485699892044,0.9649864435195923,1.0
3360.0,0.016101520508527756,0.9838984608650208,1.0
2980.0,0.48880183696746826,0.5111981630325317,1.0
1467.0,0.01928948052227497,0.9807104468345642,1.0
3276.0,0.01150810532271862,0.9884918928146362,1.0
212.0,0.028724046424031258,0.9712759256362915,1.0
3277.0,0.031415119767189026,0.9685849547386169,1.0
2596.0,0.03999077528715134,0.9600092768669128,1.0
2699.0,0.07360764592885971,0.9263923764228821,1.0
467.0,0.02181105688214302,0.9781889319419861,1.0
2166.0,0.06768955290317535,0.9323104619979858,1.0
470.0,0.1264171451330185,0.8735828399658203,1.0
730.0,0.16503913700580597,0.8349608778953552,1.0
1761.0,0.021195869892835617,0.9788041710853577,1.0
2344.0,0.013519526459276676,0.9864805340766907,1.0
3516.0,0.17307937145233154,0.8269206285476685,1.0
1896.0,0.011691560037434101,0.9883084297180176,1.0
2576.0,0.048623714596033096,0.9513762593269348,1.0
598.0,0.020266665145754814,0.9797333478927612,1.0
1519.0,0.1741901934146881,0.8258097767829895,1.0
2141.0,0.08663912117481232,0.9133608937263489,1.0
2139.0,0.7711117267608643,0.22888828814029694,1.0
2584.0,0.025950752198696136,0.9740492701530457,1.0
541.0,0.0205251332372427,0.9794749021530151,1.0
3114.0,0.03895226866006851,0.9610477089881897,1.0
2982.0,0.03417520225048065,0.9658248424530029,1.0
2065.0,0.028917966410517693,0.9710820913314819,1.0
228.0,0.011569011956453323,0.9884309768676758,1.0
520.0,0.009524923749268055,0.9904751181602478,1.0
2577.0,0.36568397283554077,0.634316086769104,1.0
679.0,0.21282726526260376,0.7871726751327515,1.0
3153.0,0.03532162681221962,0.9646784067153931,1.0
3157.0,0.18421898782253265,0.8157810568809509,1.0
1749.0,0.26024922728538513,0.7397507429122925,1.0
2802.0,0.03962709754705429,0.9603729248046875,1.0
2901.0,0.3720119297504425,0.6279880404472351,1.0
2684.0,0.25642725825309753,0.7435727119445801,1.0
3209.0,0.8849804997444153,0.11501950025558472,1.0
